timestamp,open,high,low,close,volume,bid_volume,ask_volume,symbol
2023-01-01T00:00:00Z,99.727321,99.80624,99.447293,99.761819,2679,4967,1212,DEMO
2023-01-02T00:00:00Z,99.357175,99.62499,99.196566,99.384376,1434,2128,4964,DEMO
2023-01-03T00:00:00Z,97.638091,97.776918,96.760159,97.534893,3615,3962,3287,DEMO
2023-01-04T00:00:00Z,97.480493,97.495827,97.166816,97.346986,7224,1292,3440,DEMO
2023-01-05T00:00:00Z,98.698566,99.143645,98.100642,98.918803,9785,1522,3600,DEMO
2023-01-06T00:00:00Z,100.497908,101.07595,99.81379,100.418416,6925,2075,1069,DEMO
2023-01-07T00:00:00Z,101.895228,101.935945,101.692538,101.853624,4814,1327,3613,DEMO
2023-01-08T00:00:00Z,101.68211,101.940442,101.105535,101.398359,4432,2687,1084,DEMO
2023-01-09T00:00:00Z,100.409382,100.518753,100.171525,100.487354,7216,2711,2299,DEMO
2023-01-10T00:00:00Z,98.644263,99.039913,98.363448,98.993462,1525,3084,3786,DEMO
2023-01-11T00:00:00Z,99.026655,99.785032,98.607392,98.891341,6155,2241,4589,DEMO
2023-01-12T00:00:00Z,95.722071,96.012464,95.387257,95.463847,5040,4915,2652,DEMO
2023-01-13T00:00:00Z,95.271759,95.787017,95.09072,95.473691,3266,4674,4542,DEMO
2023-01-14T00:00:00Z,96.052753,96.469522,95.677374,96.020496,7916,1020,3652,DEMO
2023-01-15T00:00:00Z,91.77143,92.732314,91.182196,91.35916,1188,1438,4898,DEMO
2023-01-16T00:00:00Z,91.109256,91.585702,90.852938,91.422081,3591,4216,526,DEMO
2023-01-17T00:00:00Z,94.935473,95.084222,94.489566,95.046577,3927,4658,1371,DEMO
2023-01-18T00:00:00Z,96.075811,96.53231,95.672251,96.19353,3504,3563,1823,DEMO
2023-01-19T00:00:00Z,92.923255,93.01472,92.920872,93.002365,6310,4502,659,DEMO
2023-01-20T00:00:00Z,94.512546,95.195124,94.333591,94.396646,4923,974,2473,DEMO
2023-01-21T00:00:00Z,97.411064,98.126939,97.180646,97.739648,2133,4863,1530,DEMO
2023-01-22T00:00:00Z,99.487405,99.784552,99.22853,99.324516,7932,2235,4917,DEMO
2023-01-23T00:00:00Z,99.170455,99.567353,98.780959,99.474721,7118,4088,4739,DEMO
2023-01-24T00:00:00Z,98.136379,98.210859,98.060258,98.091934,4770,2304,558,DEMO
2023-01-25T00:00:00Z,100.763141,100.878622,99.773872,100.640506,6413,1080,4711,DEMO
2023-01-26T00:00:00Z,101.215465,101.263528,100.70654,100.916195,8744,2490,4374,DEMO
2023-01-27T00:00:00Z,101.306991,101.78375,101.060787,101.430332,7939,3867,4325,DEMO
2023-01-28T00:00:00Z,101.873699,102.260098,101.391094,101.92506,1993,3798,3279,DEMO
2023-01-29T00:00:00Z,102.189052,102.46453,101.716044,102.282531,3296,3956,2003,DEMO
2023-01-30T00:00:00Z,102.20926,102.601216,101.852169,102.056985,2604,914,4928,DEMO
2023-01-31T00:00:00Z,104.402444,105.60606,104.040211,104.876488,3724,3829,4478,DEMO
2023-02-01T00:00:00Z,100.809819,101.007655,100.623638,100.76272,1035,3698,2672,DEMO
2023-02-02T00:00:00Z,103.814743,104.118307,103.189058,103.977201,8973,1768,2055,DEMO
2023-02-03T00:00:00Z,102.961965,103.414386,102.201231,102.445694,6138,968,910,DEMO
2023-02-04T00:00:00Z,100.285769,100.546969,100.098199,100.405563,9320,1156,2022,DEMO
2023-02-05T00:00:00Z,101.172092,101.438041,100.826419,101.140418,5033,825,1171,DEMO
2023-02-06T00:00:00Z,98.977854,99.893312,98.718872,98.850651,4346,3073,2455,DEMO
2023-02-07T00:00:00Z,98.901662,99.168623,98.451462,98.797506,2188,576,4254,DEMO
2023-02-08T00:00:00Z,96.834041,97.396201,96.551299,97.006251,9288,2672,1585,DEMO
2023-02-09T00:00:00Z,100.540851,100.990861,100.275136,100.710019,3584,4089,4950,DEMO
2023-02-10T00:00:00Z,99.699726,100.543742,99.65317,99.963079,1128,2952,1348,DEMO
2023-02-11T00:00:00Z,100.968053,101.152537,100.840577,101.008668,3546,2731,2808,DEMO
2023-02-12T00:00:00Z,98.326821,98.679261,97.792539,98.518606,5325,4640,4502,DEMO
2023-02-13T00:00:00Z,98.968182,99.50132,98.362107,98.537531,5533,861,529,DEMO
2023-02-14T00:00:00Z,98.15361,98.384829,98.034259,98.06374,8239,4003,579,DEMO
2023-02-15T00:00:00Z,102.034126,102.118107,101.501856,101.717333,1590,3524,1713,DEMO
2023-02-16T00:00:00Z,101.255699,101.877073,100.522674,101.230427,1653,3431,2220,DEMO
2023-02-17T00:00:00Z,99.768094,100.349002,99.361512,100.038158,7658,1766,2439,DEMO
2023-02-18T00:00:00Z,103.269588,104.015058,102.47801,103.69589,1406,1969,3221,DEMO
2023-02-19T00:00:00Z,103.969264,104.507017,103.375471,104.179464,5065,2685,1804,DEMO
2023-02-20T00:00:00Z,104.366256,105.037367,103.772083,104.463447,4644,2134,4270,DEMO
2023-02-21T00:00:00Z,102.55332,102.75452,102.036112,102.246199,4164,3764,3189,DEMO
2023-02-22T00:00:00Z,102.234918,102.290466,101.782663,102.158661,9346,3774,4892,DEMO
2023-02-23T00:00:00Z,102.01592,102.243304,101.752263,101.973804,5349,813,1388,DEMO
2023-02-24T00:00:00Z,100.376101,100.579306,99.957349,100.481648,9379,1447,3655,DEMO
2023-02-25T00:00:00Z,101.507328,102.003318,101.387692,101.585204,9518,4910,2114,DEMO
2023-02-26T00:00:00Z,101.185104,101.371054,100.816234,101.127068,6143,1520,2960,DEMO
2023-02-27T00:00:00Z,98.168662,98.461303,97.629896,98.181687,3085,2071,3944,DEMO
2023-02-28T00:00:00Z,97.090663,97.256906,96.850526,97.254087,5930,3826,4988,DEMO
2023-03-01T00:00:00Z,97.98955,98.304609,97.322941,98.134017,6279,4309,4119,DEMO
2023-03-02T00:00:00Z,96.958779,97.78139,96.771156,96.911003,3780,1194,2824,DEMO
2023-03-03T00:00:00Z,94.202403,94.583388,93.603709,94.228267,4848,3042,2340,DEMO
2023-03-04T00:00:00Z,94.545445,95.688303,94.234214,94.645648,2193,4230,3895,DEMO
2023-03-05T00:00:00Z,96.397951,96.638945,96.025875,96.563823,7547,2498,1708,DEMO
2023-03-06T00:00:00Z,96.481844,96.502764,95.820157,96.498753,2746,3982,2292,DEMO
2023-03-07T00:00:00Z,99.172983,99.299515,98.714514,98.728788,5082,1494,4239,DEMO
2023-03-08T00:00:00Z,100.421662,100.925812,100.155357,100.255084,6198,4125,4635,DEMO
2023-03-09T00:00:00Z,96.577776,96.792233,96.315514,96.391189,8777,4186,2623,DEMO
2023-03-10T00:00:00Z,96.11127,96.594858,95.454382,96.480577,8939,2459,2749,DEMO
2023-03-11T00:00:00Z,93.802085,93.835105,93.355339,93.692788,9849,1160,1633,DEMO
2023-03-12T00:00:00Z,94.965662,95.116809,94.598724,94.814319,7797,3839,3210,DEMO
2023-03-13T00:00:00Z,92.914721,93.069726,92.54089,92.965718,1320,3616,4407,DEMO
2023-03-14T00:00:00Z,94.748793,94.76501,93.999738,94.742258,7865,4909,4973,DEMO
2023-03-15T00:00:00Z,95.646799,96.342942,95.624228,96.037067,8956,737,3685,DEMO
2023-03-16T00:00:00Z,94.83768,95.025577,94.464637,94.593183,8657,1545,4875,DEMO
2023-03-17T00:00:00Z,96.539522,96.622736,96.471324,96.506945,8022,1611,4282,DEMO
2023-03-18T00:00:00Z,97.31561,97.515856,96.799889,97.178402,6529,3605,2779,DEMO
2023-03-19T00:00:00Z,96.905957,97.275638,96.745724,97.273342,1317,4918,926,DEMO
2023-03-20T00:00:00Z,99.127537,99.533463,98.567911,99.127644,1659,754,2525,DEMO
2023-03-21T00:00:00Z,99.341348,99.460167,99.134337,99.303068,2874,2285,4309,DEMO
2023-03-22T00:00:00Z,97.975757,98.55997,97.509865,98.294489,2876,1841,3048,DEMO
2023-03-23T00:00:00Z,98.720815,98.946237,98.143181,98.692533,7149,3749,2124,DEMO
2023-03-24T00:00:00Z,101.569984,101.701286,101.29232,101.427186,5941,1491,836,DEMO
2023-03-25T00:00:00Z,100.421252,100.749041,99.901578,100.247539,6590,603,3941,DEMO
2023-03-26T00:00:00Z,100.627877,101.268479,100.488389,100.713355,8532,1753,4067,DEMO
2023-03-27T00:00:00Z,102.080065,102.41077,101.401857,101.858803,9817,4460,4308,DEMO
2023-03-28T00:00:00Z,99.001348,99.090575,98.107575,98.875136,2419,2784,4192,DEMO
2023-03-29T00:00:00Z,99.231013,99.52903,98.762758,99.009795,1470,4549,3162,DEMO
2023-03-30T00:00:00Z,99.752318,99.860065,99.27994,99.627155,5526,583,4732,DEMO
2023-03-31T00:00:00Z,100.448242,100.562495,99.99114,100.475497,4937,4400,4520,DEMO
2023-04-01T00:00:00Z,100.182584,100.294516,99.778379,100.17063,4986,3008,3523,DEMO
2023-04-02T00:00:00Z,97.830595,98.408711,97.498211,97.790354,6419,3382,4217,DEMO
2023-04-03T00:00:00Z,97.791541,97.97733,97.46856,97.644209,2958,4889,2016,DEMO
2023-04-04T00:00:00Z,99.14406,99.231779,98.321467,98.841831,9595,2818,1323,DEMO
2023-04-05T00:00:00Z,99.568283,99.930568,99.309116,99.713423,9751,1536,2747,DEMO
2023-04-06T00:00:00Z,100.422947,100.675388,99.473036,100.403977,9042,1340,600,DEMO
2023-04-07T00:00:00Z,98.33438,98.667825,98.242628,98.433839,1841,2568,4413,DEMO
2023-04-08T00:00:00Z,99.07652,99.595702,99.001747,99.028682,1878,1742,1722,DEMO
2023-04-09T00:00:00Z,100.433299,101.152078,100.278535,100.889878,7818,2348,4780,DEMO
2023-04-10T00:00:00Z,98.008128,98.161289,97.218279,97.716288,8025,3001,993,DEMO
2023-04-11T00:00:00Z,95.089582,95.534613,95.00563,95.28844,4457,2667,1165,DEMO
2023-04-12T00:00:00Z,96.084365,96.109428,95.972625,95.985395,8381,4349,2885,DEMO
2023-04-13T00:00:00Z,97.615613,97.773554,96.825664,97.582846,2166,2412,2667,DEMO
2023-04-14T00:00:00Z,98.007713,98.760177,97.233055,98.275283,7965,1440,4961,DEMO
2023-04-15T00:00:00Z,98.610899,98.632326,98.283192,98.500395,1977,1859,3019,DEMO
2023-04-16T00:00:00Z,95.311582,95.873411,95.116754,95.511884,8679,2991,3797,DEMO
2023-04-17T00:00:00Z,97.58478,97.825762,97.578549,97.665891,1653,4039,3140,DEMO
2023-04-18T00:00:00Z,97.332143,97.436197,96.754093,97.359179,1339,2707,829,DEMO
2023-04-19T00:00:00Z,97.386662,97.92575,97.336625,97.507287,5557,1986,4070,DEMO
2023-04-20T00:00:00Z,95.885928,96.351893,95.693532,96.053374,6460,3130,1356,DEMO
2023-04-21T00:00:00Z,97.042398,97.289023,96.74215,97.177938,7561,800,4225,DEMO
2023-04-22T00:00:00Z,98.566723,99.073074,98.036489,98.487773,9431,509,4944,DEMO
2023-04-23T00:00:00Z,97.913557,98.456678,97.834891,97.898089,9167,4121,922,DEMO
2023-04-24T00:00:00Z,98.896633,99.27828,98.472075,98.658079,8941,1494,736,DEMO
2023-04-25T00:00:00Z,101.325986,101.388636,101.088514,101.372636,1224,3842,1263,DEMO
2023-04-26T00:00:00Z,102.425909,103.177268,101.39205,102.039206,3522,4582,2890,DEMO
2023-04-27T00:00:00Z,100.452682,101.033022,99.48276,100.461629,4993,4241,1684,DEMO
2023-04-28T00:00:00Z,97.42847,98.228856,97.094105,97.13546,2143,2763,3899,DEMO
2023-04-29T00:00:00Z,95.637227,95.64018,95.326419,95.353597,5891,4511,1717,DEMO
2023-04-30T00:00:00Z,93.399815,93.713646,92.778744,93.329013,7180,4230,3136,DEMO
2023-05-01T00:00:00Z,96.559858,96.984969,96.181243,96.958184,7730,857,3106,DEMO
2023-05-02T00:00:00Z,96.603076,97.049946,96.249435,96.905845,3492,4557,803,DEMO
2023-05-03T00:00:00Z,100.851722,100.943136,100.31948,100.48034,8213,1316,4808,DEMO
2023-05-04T00:00:00Z,100.810608,101.333165,100.168512,100.829529,3529,1112,4346,DEMO
2023-05-05T00:00:00Z,101.035648,101.482603,100.751148,101.191362,2315,3191,4871,DEMO
2023-05-06T00:00:00Z,100.073864,100.20582,99.292564,99.954451,9864,794,1060,DEMO
2023-05-07T00:00:00Z,100.597761,100.665038,100.014188,100.294513,2480,4055,1306,DEMO
2023-05-08T00:00:00Z,100.235341,100.744249,100.092551,100.548416,5906,737,876,DEMO
2023-05-09T00:00:00Z,100.351661,100.620065,99.960101,100.290799,5000,4851,3875,DEMO
2023-05-10T00:00:00Z,96.945822,97.160324,96.807996,97.084427,7267,2472,4576,DEMO
2023-05-11T00:00:00Z,97.997529,98.345631,97.925007,98.054287,5183,576,4311,DEMO
2023-05-12T00:00:00Z,100.327732,100.74087,99.96486,100.503641,6661,2950,3975,DEMO
2023-05-13T00:00:00Z,99.535344,100.23331,98.087475,99.740423,8916,1373,2443,DEMO
2023-05-14T00:00:00Z,98.533871,98.707546,97.82294,98.40798,1359,3742,2748,DEMO
2023-05-15T00:00:00Z,102.412183,102.607617,101.30453,102.391337,9138,2844,2385,DEMO
2023-05-16T00:00:00Z,100.832428,101.317303,100.407296,100.949684,3240,1295,822,DEMO
2023-05-17T00:00:00Z,100.413821,100.98614,99.900349,100.212364,2476,2917,3176,DEMO
2023-05-18T00:00:00Z,100.118162,100.579566,99.750054,100.242754,6994,4848,4610,DEMO
2023-05-19T00:00:00Z,103.323858,103.559442,102.553339,103.525611,8894,2917,3274,DEMO
2023-05-20T00:00:00Z,104.134054,104.97759,103.816111,104.355164,4696,3755,3496,DEMO
2023-05-21T00:00:00Z,106.284944,106.304755,105.953377,106.170617,7038,2647,3621,DEMO
2023-05-22T00:00:00Z,107.976699,108.685223,107.7783,108.439212,1410,3187,2313,DEMO
2023-05-23T00:00:00Z,106.403521,107.292296,106.256265,106.645992,7689,1455,1645,DEMO
2023-05-24T00:00:00Z,107.279642,107.492784,107.257581,107.263035,4846,4903,1611,DEMO
2023-05-25T00:00:00Z,105.867343,106.488479,105.531967,105.736208,9850,3933,1765,DEMO
2023-05-26T00:00:00Z,107.900398,108.408541,107.384176,108.108365,5583,768,3535,DEMO
2023-05-27T00:00:00Z,108.872031,108.908054,108.230399,108.64132,7018,4960,3438,DEMO
2023-05-28T00:00:00Z,110.382489,111.438281,110.103029,110.31666,8450,1250,2237,DEMO
2023-05-29T00:00:00Z,108.272584,109.2562,108.170713,108.500034,4990,1531,2181,DEMO
2023-05-30T00:00:00Z,112.069437,112.152597,111.609227,111.910231,4817,3191,1708,DEMO
2023-05-31T00:00:00Z,112.396142,112.911792,111.121886,112.690678,3129,4925,2553,DEMO
2023-06-01T00:00:00Z,112.969356,113.234124,112.790595,113.073463,6869,2449,3152,DEMO
2023-06-02T00:00:00Z,114.915179,115.251176,114.553863,114.897314,2862,1020,4401,DEMO
2023-06-03T00:00:00Z,112.958412,113.370611,112.615116,112.890058,4629,855,4771,DEMO
2023-06-04T00:00:00Z,112.21775,113.812814,111.597727,111.913111,7580,3992,1384,DEMO
2023-06-05T00:00:00Z,107.098423,107.255849,106.991408,107.069728,3430,1038,1533,DEMO
2023-06-06T00:00:00Z,106.946918,107.308955,106.535405,106.648601,9692,2915,4216,DEMO
2023-06-07T00:00:00Z,104.433281,104.496092,104.234857,104.441006,4522,4023,4199,DEMO
2023-06-08T00:00:00Z,105.998199,106.340265,105.620137,106.14007,2557,3060,3996,DEMO
2023-06-09T00:00:00Z,105.71938,106.33656,105.384773,105.569753,8770,1049,1247,DEMO
2023-06-10T00:00:00Z,105.999892,106.652828,105.603754,106.081637,3131,991,3200,DEMO
2023-06-11T00:00:00Z,104.89406,105.784703,104.18177,105.083506,7929,921,2856,DEMO
2023-06-12T00:00:00Z,103.442431,103.809009,103.307851,103.556162,8900,2337,1386,DEMO
2023-06-13T00:00:00Z,102.264919,102.513035,101.83655,102.054527,4705,4015,715,DEMO
2023-06-14T00:00:00Z,99.6054,99.82394,99.514848,99.790291,5477,3031,3283,DEMO
2023-06-15T00:00:00Z,99.192356,99.553292,98.636942,99.091386,2140,1662,751,DEMO
2023-06-16T00:00:00Z,101.319667,101.637122,100.871709,101.184016,3578,3531,3052,DEMO
2023-06-17T00:00:00Z,100.269426,100.766926,100.199786,100.612404,1861,1774,1789,DEMO
2023-06-18T00:00:00Z,100.616316,101.06038,100.402741,100.680628,7947,4478,4121,DEMO
2023-06-19T00:00:00Z,99.598095,99.963593,99.498485,99.526875,2816,2820,4486,DEMO
2023-06-20T00:00:00Z,97.863251,98.099678,96.752988,97.89157,1897,562,2174,DEMO
2023-06-21T00:00:00Z,97.639711,97.834944,97.28479,97.512311,6375,1482,563,DEMO
2023-06-22T00:00:00Z,95.494715,95.818958,95.149635,95.491385,4770,4598,3401,DEMO
2023-06-23T00:00:00Z,99.127769,99.202191,98.935276,98.955501,2275,3064,4016,DEMO
2023-06-24T00:00:00Z,96.083575,96.383724,95.989575,96.218225,1341,3160,1907,DEMO
2023-06-25T00:00:00Z,96.856922,97.54259,96.099701,97.112531,2443,4077,1367,DEMO
2023-06-26T00:00:00Z,97.528954,97.916118,97.211222,97.269803,6083,3281,2315,DEMO
2023-06-27T00:00:00Z,96.831694,97.021875,96.717407,96.729939,9355,2088,3362,DEMO
2023-06-28T00:00:00Z,94.266351,94.396535,93.717337,93.885456,2684,1699,2596,DEMO
2023-06-29T00:00:00Z,95.005331,95.040916,94.209683,94.761924,3902,4547,4300,DEMO
2023-06-30T00:00:00Z,94.578249,95.716788,94.307126,94.898719,6295,3089,1736,DEMO
2023-07-01T00:00:00Z,93.039304,93.489554,92.47451,92.962013,1920,3383,4656,DEMO
2023-07-02T00:00:00Z,94.951994,95.306183,94.771888,94.857088,5703,1128,1239,DEMO
2023-07-03T00:00:00Z,93.065295,93.673007,92.955425,93.211943,1672,4184,2042,DEMO
2023-07-04T00:00:00Z,92.52729,92.604462,92.231067,92.338284,2695,3313,1190,DEMO
2023-07-05T00:00:00Z,91.245031,91.253794,90.853393,91.248242,8199,4793,4782,DEMO
2023-07-06T00:00:00Z,89.846045,90.264881,89.67061,89.954967,6543,928,3241,DEMO
2023-07-07T00:00:00Z,90.766371,90.895498,90.466621,90.733833,3463,3230,1167,DEMO
2023-07-08T00:00:00Z,89.860128,90.462472,89.097584,89.909459,7421,1556,1194,DEMO
2023-07-09T00:00:00Z,89.476712,89.646373,88.682943,89.315058,9624,1265,3968,DEMO
2023-07-10T00:00:00Z,89.015721,89.333848,88.199905,89.017542,6598,4483,2072,DEMO
2023-07-11T00:00:00Z,89.300302,89.909952,88.883485,89.204291,2657,4658,4921,DEMO
2023-07-12T00:00:00Z,90.809853,91.456255,90.732511,91.135146,3147,3586,1763,DEMO
2023-07-13T00:00:00Z,93.281099,93.370843,92.311354,92.982227,3712,4085,857,DEMO
2023-07-14T00:00:00Z,90.806874,90.837687,90.270332,90.662176,5668,4177,2416,DEMO
2023-07-15T00:00:00Z,89.150021,89.327102,88.775692,89.182574,4178,3513,4109,DEMO
2023-07-16T00:00:00Z,87.85193,88.169034,87.527133,87.817856,3655,2135,1633,DEMO
2023-07-17T00:00:00Z,88.221844,88.600784,88.180491,88.263219,2680,4726,1521,DEMO
2023-07-18T00:00:00Z,87.942978,88.051979,86.899185,87.652647,3414,4083,1251,DEMO
2023-07-19T00:00:00Z,88.827376,89.183274,88.727762,88.868986,1436,3898,936,DEMO
2023-07-20T00:00:00Z,87.647259,87.756469,87.449869,87.544626,4678,730,3110,DEMO
2023-07-21T00:00:00Z,90.478589,91.001856,89.960304,90.624496,3254,813,2850,DEMO
2023-07-22T00:00:00Z,92.345968,92.753969,91.802136,92.449693,8685,4174,543,DEMO
2023-07-23T00:00:00Z,92.776308,92.841816,92.57,92.796581,9647,3967,1410,DEMO
2023-07-24T00:00:00Z,92.931532,93.264897,92.741405,93.0668,8489,1014,1408,DEMO
2023-07-25T00:00:00Z,94.05881,94.767998,93.939332,94.248586,4963,1676,2886,DEMO
2023-07-26T00:00:00Z,92.054353,92.077002,91.56398,91.945103,2402,4788,3454,DEMO
2023-07-27T00:00:00Z,94.13294,95.255161,93.986471,94.038124,1333,3698,4351,DEMO
2023-07-28T00:00:00Z,95.92755,96.372765,95.42174,95.876313,6850,1053,3324,DEMO
2023-07-29T00:00:00Z,96.361313,96.766134,95.772896,96.080599,6447,1592,863,DEMO
2023-07-30T00:00:00Z,95.219792,95.667346,94.521445,95.0814,8612,4420,1993,DEMO
2023-07-31T00:00:00Z,95.323884,95.456832,94.907773,95.387686,5807,2151,858,DEMO
2023-08-01T00:00:00Z,96.061994,96.583657,95.75865,96.450502,7524,4948,4378,DEMO
2023-08-02T00:00:00Z,96.754135,96.885674,96.093585,96.431535,1783,3219,2738,DEMO
2023-08-03T00:00:00Z,97.922597,98.418989,97.377746,97.790544,7334,3277,2030,DEMO
2023-08-04T00:00:00Z,95.550871,95.962134,95.333737,95.545523,2353,3977,1146,DEMO
2023-08-05T00:00:00Z,90.191996,90.319329,89.672354,89.944228,2680,1155,3186,DEMO
2023-08-06T00:00:00Z,89.042744,89.472479,88.81714,89.172046,8272,3379,4162,DEMO
2023-08-07T00:00:00Z,92.791117,93.582119,91.641043,92.692624,5498,969,1114,DEMO
2023-08-08T00:00:00Z,91.674462,92.449005,91.624322,91.83947,3621,755,1669,DEMO
2023-08-09T00:00:00Z,93.263036,93.671975,93.189629,93.492175,4866,3500,3466,DEMO
2023-08-10T00:00:00Z,91.904755,92.34249,91.405944,91.745314,7077,3547,4136,DEMO
2023-08-11T00:00:00Z,91.748508,92.352402,91.680456,91.988013,5566,2544,1429,DEMO
2023-08-12T00:00:00Z,93.218255,94.038201,93.107084,93.198867,2929,2644,2632,DEMO
2023-08-13T00:00:00Z,92.752765,93.312702,92.383665,92.87652,9047,2139,1504,DEMO
2023-08-14T00:00:00Z,93.457505,93.733526,92.880072,93.402317,2438,3118,3346,DEMO
2023-08-15T00:00:00Z,92.628193,92.934037,92.325293,92.855337,3580,1926,3461,DEMO
2023-08-16T00:00:00Z,91.953358,92.019481,91.761687,91.958502,9094,715,3456,DEMO
2023-08-17T00:00:00Z,90.282781,90.491919,89.851117,90.340502,2412,1038,3033,DEMO
2023-08-18T00:00:00Z,88.250103,88.609933,88.03455,88.082984,7708,1104,1526,DEMO
2023-08-19T00:00:00Z,90.570413,91.135727,90.401304,90.615288,6644,1551,1990,DEMO
2023-08-20T00:00:00Z,90.67198,91.497629,90.658842,90.766808,3034,4744,1753,DEMO
2023-08-21T00:00:00Z,90.553611,90.791072,90.34912,90.452228,9501,2826,1146,DEMO
2023-08-22T00:00:00Z,90.744644,90.922865,90.428901,90.487685,5961,4870,1265,DEMO
2023-08-23T00:00:00Z,89.431415,89.626425,89.357151,89.433173,6531,837,732,DEMO
2023-08-24T00:00:00Z,93.501893,93.540517,92.989881,93.279901,4453,3912,748,DEMO
2023-08-25T00:00:00Z,90.709242,90.933494,89.825183,90.7061,8912,2506,3826,DEMO
2023-08-26T00:00:00Z,90.611465,90.97422,90.400789,90.544078,8933,4304,2171,DEMO
2023-08-27T00:00:00Z,90.132524,90.336357,89.806363,90.047899,6658,3766,1571,DEMO
2023-08-28T00:00:00Z,90.021371,90.448939,89.855614,90.237991,3007,2691,4183,DEMO
2023-08-29T00:00:00Z,90.375247,90.464226,89.949425,90.293759,7850,2533,1808,DEMO
2023-08-30T00:00:00Z,91.577994,92.016007,91.344206,91.972941,3610,4581,4716,DEMO
2023-08-31T00:00:00Z,88.394927,88.548511,88.317232,88.319768,7442,4640,4245,DEMO
2023-09-01T00:00:00Z,89.540715,89.636132,89.448642,89.566624,9108,4355,2840,DEMO
2023-09-02T00:00:00Z,86.154796,86.878752,85.854935,86.231178,6992,3803,3497,DEMO
2023-09-03T00:00:00Z,86.826553,87.131575,86.685982,86.810772,5728,1102,3664,DEMO
2023-09-04T00:00:00Z,83.895388,84.090319,82.904154,83.903016,2946,1554,1292,DEMO
2023-09-05T00:00:00Z,81.77707,82.187789,80.943404,81.59745,3363,2130,4670,DEMO
2023-09-06T00:00:00Z,81.284447,81.783312,81.132971,81.257394,8761,4754,4243,DEMO
2023-09-07T00:00:00Z,83.620383,84.11472,82.742749,83.336607,6218,1831,3719,DEMO
2023-09-08T00:00:00Z,86.089979,86.201576,85.792937,86.10662,9351,4860,4512,DEMO
2023-09-09T00:00:00Z,85.63697,85.909002,85.336235,85.776963,2795,3912,3020,DEMO
2023-09-10T00:00:00Z,86.351865,86.648989,86.277593,86.618427,8775,2675,2364,DEMO
2023-09-11T00:00:00Z,86.027272,86.484614,85.601864,86.251917,7229,1710,2484,DEMO
2023-09-12T00:00:00Z,90.496967,90.551537,90.365219,90.41026,6139,3930,1740,DEMO
2023-09-13T00:00:00Z,89.475271,89.967377,89.406849,89.412471,8726,1010,1631,DEMO
2023-09-14T00:00:00Z,87.152509,87.57652,87.147818,87.178708,7173,3070,1918,DEMO
2023-09-15T00:00:00Z,85.191717,85.681764,84.992478,85.13902,5331,4466,2075,DEMO
2023-09-16T00:00:00Z,86.472642,86.757083,85.686479,86.509709,5876,2867,2198,DEMO
2023-09-17T00:00:00Z,85.632681,86.254334,85.577095,85.817713,5480,2857,1498,DEMO
2023-09-18T00:00:00Z,83.843426,84.203773,83.638783,83.937033,6654,1699,2879,DEMO
2023-09-19T00:00:00Z,88.133792,88.837494,87.638333,88.019131,5201,4424,2252,DEMO
2023-09-20T00:00:00Z,88.923344,89.424477,88.48885,88.712606,3249,1394,2460,DEMO
2023-09-21T00:00:00Z,89.14643,89.645089,88.783866,88.882084,1860,1320,3885,DEMO
2023-09-22T00:00:00Z,88.128969,88.209295,87.781094,87.954823,3587,3833,4396,DEMO
2023-09-23T00:00:00Z,86.853552,87.151521,86.768463,86.837192,1969,1232,2402,DEMO
2023-09-24T00:00:00Z,84.105819,84.851149,83.817571,84.164919,3868,3923,1940,DEMO
2023-09-25T00:00:00Z,84.607525,84.933455,84.096783,84.6261,4052,2871,806,DEMO
2023-09-26T00:00:00Z,86.870563,87.645448,86.238351,86.857466,5662,4222,4950,DEMO
2023-09-27T00:00:00Z,83.245811,83.561509,82.95125,83.299007,5470,2079,1422,DEMO
2023-09-28T00:00:00Z,82.262124,82.574672,81.610269,82.029661,1230,3261,2916,DEMO
2023-09-29T00:00:00Z,79.445924,79.839301,78.887457,79.556539,7643,4003,4721,DEMO
2023-09-30T00:00:00Z,78.979768,79.717596,78.335784,78.838927,8822,3150,2532,DEMO
2023-10-01T00:00:00Z,80.434759,80.674273,80.344686,80.427971,6400,2973,593,DEMO
2023-10-02T00:00:00Z,80.509372,80.550467,79.882629,80.358052,8625,3013,1808,DEMO
2023-10-03T00:00:00Z,78.928981,79.318226,78.523605,78.824673,6095,1461,2916,DEMO
2023-10-04T00:00:00Z,78.195905,78.539926,78.019953,78.114292,8454,3560,3906,DEMO
2023-10-05T00:00:00Z,76.801765,77.152707,76.249474,77.127073,4578,2527,1170,DEMO
2023-10-06T00:00:00Z,75.26975,75.733593,74.756697,75.299206,2838,1005,4986,DEMO
2023-10-07T00:00:00Z,76.107687,76.344208,76.066011,76.166351,9525,4119,1452,DEMO
2023-10-08T00:00:00Z,74.961724,75.820235,74.916701,75.178052,8298,955,4214,DEMO
2023-10-09T00:00:00Z,76.384752,76.744523,76.115678,76.268218,6049,678,3743,DEMO
2023-10-10T00:00:00Z,76.314888,76.338702,76.186579,76.303033,7941,3322,1022,DEMO
2023-10-11T00:00:00Z,75.807386,76.519393,75.260288,75.821059,8734,759,2851,DEMO
2023-10-12T00:00:00Z,73.813822,73.894976,72.865312,73.677148,7887,3567,3633,DEMO
2023-10-13T00:00:00Z,70.695989,70.779051,70.515484,70.595867,9835,1589,3348,DEMO
2023-10-14T00:00:00Z,74.20744,74.328692,73.79633,73.892365,4648,528,686,DEMO
2023-10-15T00:00:00Z,75.539579,75.623561,75.228101,75.562285,7214,2381,2527,DEMO
2023-10-16T00:00:00Z,74.770573,75.000599,74.184324,74.749317,2848,763,3934,DEMO
2023-10-17T00:00:00Z,71.930608,72.318595,71.793528,72.154402,2102,1326,775,DEMO
2023-10-18T00:00:00Z,70.225716,70.371909,70.005278,70.156534,1724,3795,4095,DEMO
2023-10-19T00:00:00Z,70.386017,70.448909,70.215703,70.288096,9255,2869,2418,DEMO
2023-10-20T00:00:00Z,71.02736,71.400336,70.679227,71.238958,6253,2440,2972,DEMO
2023-10-21T00:00:00Z,73.93044,74.53803,73.889767,74.233985,5508,999,1934,DEMO
2023-10-22T00:00:00Z,73.05985,73.95328,73.038319,73.169768,7244,4796,3111,DEMO
2023-10-23T00:00:00Z,72.569598,72.767338,72.393567,72.710168,9813,4379,2474,DEMO
2023-10-24T00:00:00Z,73.364544,73.605524,72.852034,73.465391,1944,3880,3912,DEMO
2023-10-25T00:00:00Z,72.736692,72.773001,72.540712,72.764198,2295,4184,3539,DEMO
2023-10-26T00:00:00Z,74.885973,74.972497,74.534107,74.7542,1647,1096,2041,DEMO
2023-10-27T00:00:00Z,75.272371,75.561543,75.086896,75.461517,4422,3227,2983,DEMO
